{
  "checkpoint_count": 5979,
  "best_metric": -134.65802001953125,
  "last_checkpoint": "checkpoints/autonomous/hope_auto_00006591_1765011075.pt",
  "last_step": 6591,
  "last_metric": -113203264.0,
  "timestamp": 1765011187.7326374
}