{
  "running": false,
  "last_check": null,
  "last_training": "2026-01-23T07:43:43.950914",
  "last_training_result": "ok",
  "episodes_seen": 104,
  "episodes_trained": 104,
  "new_episodes_pending": 64,
  "total_training_runs": 5,
  "successful_trainings": 3,
  "failed_trainings": 2,
  "adapters_promoted": 3,
  "last_steps": 418,
  "last_avg_loss": 0.9446855262991344,
  "last_wall_time_s": 300.21059823036194,
  "last_error": null,
  "error_count": 0,
  "seen_episodes": [
    "continuonbrain/rlds/episodes/puzzle_2_1769180484_5984_1769180484",
    "continuonbrain/rlds/episodes/interact_9_1769179988_1473_1769179990",
    "continuonbrain/rlds/episodes/brainb_unknown_20260116_134027",
    "continuonbrain/rlds/episodes/collect_10_1769179988_8836_1769179990",
    "continuonbrain/rlds/episodes/brainb_unknown_20260115_074632",
    "continuonbrain/rlds/episodes/multi_9_1769179988_4922_1769179991",
    "continuonbrain/rlds/episodes/explore_9_1769180484_8583_1769180485",
    "continuonbrain/rlds/episodes/home3d_1769151871_375cabec",
    "continuonbrain/rlds/episodes/explore_4_1769180484_9325_1769180484",
    "continuonbrain/rlds/episodes/survive_13_1769179988_4627_1769179993",
    "continuonbrain/rlds/episodes/home3d_1769151871_29139e57",
    "continuonbrain/rlds/episodes/explore_10_1769179988_5040_1769179992",
    "continuonbrain/rlds/episodes/multi_5_1769180484_9978_1769180485",
    "continuonbrain/rlds/episodes/multi_5_1769180484_9978_1769180484",
    "continuonbrain/rlds/episodes/brainb_unknown_20260115_214105",
    "continuonbrain/rlds/episodes/puzzle_9_1769180484_2217_1769180488",
    "continuonbrain/rlds/episodes/home3d_1769151871_3d9fb0c5",
    "continuonbrain/rlds/episodes/collect_15_1769179988_5517_1769179993",
    "continuonbrain/rlds/episodes/explore_7_1769179988_1959_1769179990",
    "continuonbrain/rlds/episodes/brainb_unknown_20260116_062310",
    "continuonbrain/rlds/episodes/brainb_unknown_20260116_104223",
    "continuonbrain/rlds/episodes/brainb_unknown_20260122_204125",
    "continuonbrain/rlds/episodes/brainb_unknown_20260116_114020",
    "continuonbrain/rlds/episodes/home3d_1769151871_eb80a364",
    "continuonbrain/rlds/episodes/puzzle_7_1769180484_1121_1769180485",
    "continuonbrain/rlds/episodes/trainer_20260116_072447",
    "continuonbrain/rlds/episodes/brainb_unknown_20260116_072039",
    "continuonbrain/rlds/episodes/brainb_unknown_20260116_172243",
    "continuonbrain/rlds/episodes/brainb_unknown_20260115_232933",
    "continuonbrain/rlds/episodes/brainb_unknown_20260116_063151",
    "continuonbrain/rlds/episodes/brainb_unknown_20260116_151338",
    "continuonbrain/rlds/episodes/nav_2_1769179988_2444_1769179988",
    "continuonbrain/rlds/episodes/brainb_unknown_20260116_073619",
    "continuonbrain/rlds/episodes/home3d_1769151871_66403764",
    "continuonbrain/rlds/episodes/home3d_1769151871_0b7a0cbd",
    "continuonbrain/rlds/episodes/nav_6_1769179988_2721_1769179989",
    "continuonbrain/rlds/episodes/survive_2_1769179988_2904_1769179988",
    "continuonbrain/rlds/episodes/home3d_1769151871_87a0c67e",
    "continuonbrain/rlds/episodes/puzzle_8_1769179988_2900_1769179989",
    "continuonbrain/rlds/episodes/brainb_unknown_20260116_074340",
    "continuonbrain/rlds/episodes/brainb_unknown_20260116_145251",
    "continuonbrain/rlds/episodes/nav_11_1769179988_5534_1769179992",
    "continuonbrain/rlds/episodes/explore_11_1769180484_3856_1769180488",
    "continuonbrain/rlds/episodes/interact_10_1769179988_7903_1769179993",
    "continuonbrain/rlds/episodes/brainb_unknown_20260116_091823",
    "continuonbrain/rlds/episodes/nav_5_1769180484_7644_1769180485",
    "continuonbrain/rlds/episodes/brainb_unknown_20260122_204622",
    "continuonbrain/rlds/episodes/puzzle_13_1769179988_8659_1769179992",
    "continuonbrain/rlds/episodes/home3d_1769151871_e33ec7a7",
    "continuonbrain/rlds/episodes/brainb_unknown_20260122_210703",
    "continuonbrain/rlds/episodes/brainb_unknown_20260116_154454",
    "continuonbrain/rlds/episodes/explore_9_1769180484_8583_1769180486",
    "continuonbrain/rlds/episodes/brainb_unknown_20260122_201352",
    "continuonbrain/rlds/episodes/brainb_unknown_20260116_101553",
    "continuonbrain/rlds/episodes/interact_3_1769180484_2346_1769180484",
    "continuonbrain/rlds/episodes/explore_7_1769179988_1959_1769179989",
    "continuonbrain/rlds/episodes/brainb_unknown_20260116_140310",
    "continuonbrain/rlds/episodes/brainb_unknown_20260122_200622",
    "continuonbrain/rlds/episodes/brainb_unknown_20260115_231645",
    "continuonbrain/rlds/episodes/brainb_unknown_20260116_094039",
    "continuonbrain/rlds/episodes/puzzle_1_1769179988_5046_1769179988",
    "continuonbrain/rlds/episodes/collect_6_1769180484_9663_1769180484",
    "continuonbrain/rlds/episodes/multi_11_1769180484_8839_1769180488",
    "continuonbrain/rlds/episodes/brainb_unknown_20260116_112731",
    "continuonbrain/rlds/episodes/nav_2_1769180484_8114_1769180484",
    "continuonbrain/rlds/episodes/brainb_unknown_20260116_063802",
    "continuonbrain/rlds/episodes/explore_1_1769179988_1657_1769179988",
    "continuonbrain/rlds/episodes/collect_13_1769180484_6713_1769180490",
    "continuonbrain/rlds/episodes/survive_15_1769180484_4650_1769180490",
    "continuonbrain/rlds/episodes/brainb_unknown_20260116_095837",
    "continuonbrain/rlds/episodes/brainb_unknown_20260116_073027",
    "continuonbrain/rlds/episodes/interact_9_1769180484_6812_1769180486",
    "continuonbrain/rlds/episodes/brainb_unknown_20260122_202621",
    "continuonbrain/rlds/episodes/survive_5_1769180484_8692_1769180484",
    "continuonbrain/rlds/episodes/brainb_unknown_20260122_203021",
    "continuonbrain/rlds/episodes/brainb_unknown_20260115_233248",
    "continuonbrain/rlds/episodes/collect_15_1769179988_5517_1769179994",
    "continuonbrain/rlds/episodes/brainb_unknown_20260116_142400",
    "continuonbrain/rlds/episodes/brainb_unknown_20260122_201512",
    "continuonbrain/rlds/episodes/brainb_unknown_20260122_231146",
    "continuonbrain/rlds/episodes/brainb_unknown_20260115_225754",
    "continuonbrain/rlds/episodes/brainb_unknown_20260122_201739",
    "continuonbrain/rlds/episodes/explore_11_1769180484_3856_1769180489",
    "continuonbrain/rlds/episodes/home3d_1769151871_c203bf2a",
    "continuonbrain/rlds/episodes/interact_12_1769180484_8987_1769180489",
    "continuonbrain/rlds/episodes/home3d_1769151871_b05c526d",
    "continuonbrain/rlds/episodes/survive_9_1769179988_8787_1769179990",
    "continuonbrain/rlds/episodes/brainb_unknown_20260116_070953",
    "continuonbrain/rlds/episodes/brainb_unknown_20260122_205116",
    "continuonbrain/rlds/episodes/nav_12_1769180484_9634_1769180488",
    "continuonbrain/rlds/episodes/brainb_unknown_20260115_234034",
    "continuonbrain/rlds/episodes/multi_11_1769180484_8839_1769180487",
    "continuonbrain/rlds/episodes/brainb_unknown_20260123_073806",
    "continuonbrain/rlds/episodes/brainb_unknown_20260116_070457",
    "continuonbrain/rlds/episodes/interact_3_1769179988_8624_1769179988",
    "continuonbrain/rlds/episodes/brainb_unknown_20260116_065848",
    "continuonbrain/rlds/episodes/survive_10_1769180484_1289_1769180486",
    "continuonbrain/rlds/episodes/brainb_unknown_20260122_193318",
    "continuonbrain/rlds/episodes/brainb_unknown_20260123_070331",
    "continuonbrain/rlds/episodes/collect_2_1769179988_3752_1769179988",
    "continuonbrain/rlds/episodes/collect_10_1769179988_8836_1769179991",
    "continuonbrain/rlds/episodes/brainb_unknown_20260122_202232",
    "continuonbrain/rlds/episodes/collect_7_1769180484_9304_1769180486",
    "continuonbrain/rlds/episodes/multi_4_1769179988_4597_1769179989"
  ],
  "timestamp": "2026-01-23T07:48:44.537503"
}